data_file,model,runtime,AUC-PR,AUC-ROC,VUS-PR,VUS-ROC,Standard-F1,PA-F1,Event-based-F1,R-based-F1,Affiliation-F,Recall,Precision,AUC-PTRT
Calit2,KMeansAD,5.896324872970581,0.034767824335470904,0.5467199630795798,0.11758417538451735,0.6719880950574442,0.08642400972698501,0.11292719167904904,0.08678500986193284,0.17597887872884846,0.6777393963662092,0.0,0.0,0.05744305559234895
